{
  "assetsByChunkName": {
    "vendors~app-account~app-checkout~app-confirmation~app-order": "chunk.6a72b124ec6ce37ced39.js",
    "vendors~app-account~app-confirmation~app-order": "chunk.e0e5f52c13676732ba52.js",
    "vendors~app-account~app-checkout": "chunk.bb38eacc1d6ddbc9593d.js",
    "vendors~app-cart~app-checkout": "chunk.25ac4334f1e71c0fcc5a.js",
    "admin": [
      "admin.c8afb803cf0347dd18d4.js",
      "admin.c8afb803cf0347dd18d4.js.map"
    ],
    "app-account": "chunk.bfb3b03311db82db9e95.js",
    "app-cart": "chunk.b813af29dea145864fa6.js",
    "app-checkout": "chunk.addc5704c377b6ee86db.js",
    "app-confirmation": "chunk.3ef76216c45e32f8e0d5.js",
    "app-order": "chunk.b9c97dfdaa7cd3ebbab9.js",
    "checkout": [
      "checkout.5dbfe153fd55c68f462c.js",
      "checkout.5dbfe153fd55c68f462c.js.map"
    ],
    "storefront": [
      "storefront.b10e94142fafd5342df0.css",
      "storefront.b701e9d960a7cb666d33.js",
      "storefront.b10e94142fafd5342df0.css.map",
      "storefront.b701e9d960a7cb666d33.js.map"
    ],
    "vendors~app-cart": "chunk.eba651008d6420787582.js"
  }
}