{
  "title": "Sobre a Griffe Chick",
  "meta_title": "Sobre a Griffe Chick",
  "meta_description": "Sobre a Griffe Chick",
  "body": "Griffe Chick nasceu em 2019 inspirada na beleza e no encanto de cada mulher, única e sonhadora. Resguardamos valores que qualificam a mulher moderna e exigente no vestir. Agregamos detalhes e um estilo que encanta e aprimoramos na essência um produto que reflete a beleza feminina.\n\nNúbia Apolinário é a idealizada da marca que carrega consigo a possibilidade de expandir e valorizar o que existe de mais rico e encantador no traje da mulher de espírito nobre.\n\nNossa missão é proporcionar constantemente qualidade, conforto e exuberância através de peças com modelagem e acabamentos impecáveis e participar de momentos únicos e inesquecíveis das nossas maravilhosas clientes.\n\nNossa matriz fica em Goiânia-Go e as nossas vendas on-line chegam a você com grande agilidade e, claro, proporcionando uma experiência apaixonante e cada vez mais próxima com o nosso público!\n\nVenha se encantar!\n\nGriffe Chick.",
  "sections": [
    {
      "type": "page-title",
      "title": "Sobre a Griffe Chick"
    },
    {
      "type": "extra-page",
      "enabled": true
    },
    {
      "type": "collection-shelf",
      "shuffle": true,
      "title": "QUE TAL COMPRAR O SEU VESTIDO HOJE?",
      "collection_id": "648b9b8d5e606903703b5739:brands:TATA MARTELLO:/tata-martello",
      "sort": "news",
      "page": ""
    }
  ]
}