{
  "meta_title": "",
  "meta_description": "",
  "sections": [
    {
      "type": "banner-slider",
      "autoplay": 2000,
      "slides": [
        {
          "start": "2023-06-01T11:59:12.715Z",
          "end": "",
          "mobile_img": "/img/uploads/slide-site-celular-2.png",
          "img": "/img/uploads/slide-site-1.jpg",
          "link": ""
        },
        {
          "start": "",
          "end": "",
          "img": "/img/uploads/slide-banner-site.png",
          "mobile_img": "/img/uploads/slide-site-celular.jpg"
        }
      ],
      "full_width": true
    },
    {
      "type": "banners-grid",
      "banners": [
        {
          "img": "/img/uploads/lancamentos.jpg",
          "alt": "Lançamentos",
          "link": "https://griffechick.com.br/lacamentos"
        },
        {
          "img": "/img/uploads/banner-site.jpg",
          "alt": "Vestidos",
          "link": "https://griffechick.com.br/vestidos",
          "mobile_img": ""
        },
        {
          "img": "/img/uploads/conjuntos.jpg",
          "alt": "Conjuntos",
          "link": "https://griffechick.com.br/conjuntos"
        }
      ]
    },
    {
      "type": "info-bar",
      "enabled": false
    },
    {
      "type": "collection-shelf",
      "shuffle": true,
      "title": "LANÇAMENTOS ",
      "sort": "views",
      "collection_id": "648c9d945e606903703c671d:categories:Vestidos:/vestidos"
    },
    {
      "type": "collection-shelf",
      "shuffle": false,
      "limit": 12,
      "page": 1,
      "collection_id": "648c9d9b5e606903703c6730:categories:Saias:/saias",
      "sort": "news",
      "title": "LANÇAMENTOS DE SAIAS"
    }
  ]
}